{
  "obj": {
    "before": {
      "id": "1766302617.551745-ze0i2x",
      "camera": "salone",
      "frame_time": 1766303243.438309,
      "snapshot": {
        "frame_time": 1766302639.60651,
        "box": [912, 322, 1076, 603],
        "area": 46084,
        "region": [761, 270, 1145, 654],
        "score": 0.76611328125,
        "attributes": [
          {
            "label": "face",
            "score": 0.521484375,
            "box": [1004, 355, 1039, 396]
          }
        ],
        "current_estimated_speed": 0,
        "velocity_angle": 0,
        "path_data": [
          [[0.7695, 0.7847], 1766302617.769546],
          [[0.7734, 0.75], 1766302617.966062],
          [[0.7266, 0.7958], 1766302628.525778],
          [[0.7555, 0.8653], 1766302630.971673],
          [[0.7758, 0.7361], 1766302631.15639],
          [[0.7867, 0.8042], 1766302633.437704],
          [[0.7805, 0.7278], 1766302633.675845],
          [[0.7836, 0.7861], 1766302634.157347],
          [[0.7836, 0.7264], 1766302634.330362],
          [[0.7852, 0.7972], 1766302634.526576],
          [[0.782, 0.7292], 1766302634.865508],
          [[0.7844, 0.8028], 1766302634.929097],
          [[0.7844, 0.7389], 1766302635.33216]
        ],
        "recognized_license_plate": null,
        "recognized_license_plate_score": null
      },
      "label": "person",
      "sub_label": ["Gianluca", 0.9680965589803678],
      "top_score": 0.926025390625,
      "false_positive": false,
      "start_time": 1766302617.551745,
      "end_time": null,
      "score": 0.8359375,
      "box": [886, 311, 1069, 526],
      "area": 39345,
      "ratio": 0.8511627906976744,
      "region": [817, 258, 1137, 578],
      "active": false,
      "stationary": true,
      "motionless_count": 454,
      "position_changes": 3,
      "current_zones": [],
      "entered_zones": [],
      "has_clip": false,
      "has_snapshot": true,
      "attributes": { "face": 0.7216796875 },
      "current_attributes": [],
      "pending_loitering": false,
      "max_severity": "alert",
      "current_estimated_speed": 0,
      "average_estimated_speed": 0,
      "velocity_angle": 0,
      "path_data": [
        [[0.7695, 0.7847], 1766302617.769546],
        [[0.7734, 0.75], 1766302617.966062],
        [[0.7266, 0.7958], 1766302628.525778],
        [[0.7555, 0.8653], 1766302630.971673],
        [[0.7758, 0.7361], 1766302631.15639],
        [[0.7867, 0.8042], 1766302633.437704],
        [[0.7805, 0.7278], 1766302633.675845],
        [[0.7836, 0.7861], 1766302634.157347],
        [[0.7836, 0.7264], 1766302634.330362],
        [[0.7852, 0.7972], 1766302634.526576],
        [[0.782, 0.7292], 1766302634.865508],
        [[0.7844, 0.8028], 1766302634.929097],
        [[0.7844, 0.7389], 1766302635.33216],
        [[0.7766, 0.8375], 1766302639.60651],
        [[0.7883, 0.7569], 1766302640.129653],
        [[0.7336, 0.8486], 1766302640.444449],
        [[0.7531, 0.7806], 1766302641.139784],
        [[0.7531, 0.8514], 1766302641.445516],
        [[0.7641, 0.7889], 1766302644.839363],
        [[0.7664, 0.7236], 1766302648.038519],
        [[0.7641, 0.8], 1766302648.606137],
        [[0.7648, 0.7403], 1766302668.810765],
        [[0.7672, 0.8014], 1766302694.346563],
        [[0.7648, 0.7319], 1766302695.191006],
        [[0.7664, 0.7986], 1766302700.77021],
        [[0.7758, 0.7361], 1766302731.632838],
        [[0.7688, 0.7986], 1766302760.556211],
        [[0.7609, 0.7278], 1766302763.989296],
        [[0.7656, 0.7875], 1766302764.147493],
        [[0.7305, 0.6042], 1766302767.36443],
        [[0.7109, 0.6903], 1766302767.94539],
        [[0.6977, 0.6292], 1766302768.64418],
        [[0.7141, 0.7222], 1766302769.737982],
        [[0.7375, 0.6389], 1766302771.068765],
        [[0.7539, 0.7417], 1766302771.875622],
        [[0.7008, 0.6111], 1766302772.149108],
        [[0.7781, 0.5819], 1766302772.744834],
        [[0.7594, 0.6375], 1766302776.629697],
        [[0.7273, 0.8347], 1766302778.933639],
        [[0.8156, 0.6111], 1766302779.534532],
        [[0.7266, 0.8153], 1766302779.857743],
        [[0.7203, 0.8764], 1766302780.435668],
        [[0.6922, 0.9528], 1766302780.752256],
        [[0.7367, 0.8569], 1766302782.050998],
        [[0.6703, 0.9306], 1766302783.039171],
        [[0.7398, 0.8764], 1766302783.842288],
        [[0.7016, 0.9278], 1766302786.03889],
        [[0.7125, 0.8667], 1766302787.066576],
        [[0.7664, 0.7958], 1766302789.035554],
        [[0.7531, 0.7347], 1766302789.437812],
        [[0.7742, 0.7958], 1766302790.842776],
        [[0.7508, 0.7333], 1766302791.444106],
        [[0.7805, 0.7944], 1766302793.235784],
        [[0.7695, 0.7236], 1766302794.80006],
        [[0.7812, 0.7875], 1766302795.015775],
        [[0.7695, 0.7292], 1766302795.617266],
        [[0.7672, 0.7986], 1766302804.808046],
        [[0.7672, 0.7319], 1766302805.006973],
        [[0.768, 0.8], 1766302805.584922],
        [[0.7625, 0.7264], 1766302805.857038],
        [[0.7656, 0.7986], 1766302806.014209],
        [[0.7625, 0.7306], 1766302806.217781],
        [[0.7672, 0.7958], 1766302806.822191],
        [[0.7672, 0.7264], 1766302807.816946],
        [[0.7672, 0.7875], 1766302811.828932],
        [[0.7656, 0.7278], 1766302812.008587],
        [[0.7672, 0.7972], 1766302812.803631],
        [[0.7648, 0.7194], 1766302812.998682],
        [[0.7672, 0.7958], 1766302813.404141],
        [[0.7672, 0.725], 1766302814.801926],
        [[0.768, 0.7861], 1766302819.987469],
        [[0.7672, 0.7236], 1766302821.580869],
        [[0.7641, 0.7847], 1766302916.897737],
        [[0.7688, 0.7236], 1766302917.756866],
        [[0.7703, 0.8028], 1766303003.612493],
        [[0.7695, 0.7306], 1766303003.93345],
        [[0.7703, 0.7972], 1766303004.261263],
        [[0.7695, 0.7361], 1766303007.154884],
        [[0.7688, 0.8028], 1766303019.92509],
        [[0.7641, 0.7292], 1766303031.720085],
        [[0.7602, 0.8014], 1766303032.562769],
        [[0.7672, 0.7236], 1766303032.804796],
        [[0.7641, 0.7986], 1766303033.023376],
        [[0.7641, 0.7319], 1766303033.212417],
        [[0.7672, 0.7958], 1766303062.381614],
        [[0.7664, 0.7319], 1766303064.565298],
        [[0.7688, 0.8069], 1766303082.341603],
        [[0.7672, 0.7278], 1766303086.526537],
        [[0.7664, 0.7861], 1766303087.745394],
        [[0.7547, 0.8583], 1766303090.229587],
        [[0.7453, 0.7931], 1766303091.549483],
        [[0.618, 0.8222], 1766303094.024401],
        [[0.7289, 0.925], 1766303094.144777],
        [[0.7328, 0.9861], 1766303094.445339],
        [[0.7523, 0.7958], 1766303094.84944],
        [[0.7453, 0.7292], 1766303106.911335],
        [[0.7555, 0.7972], 1766303107.401735],
        [[0.7125, 0.8486], 1766303111.020503],
        [[0.7203, 0.9069], 1766303113.614546],
        [[0.757, 0.8208], 1766303114.811158],
        [[0.7594, 0.7597], 1766303135.992658],
        [[0.7719, 0.7], 1766303183.191492],
        [[0.7625, 0.7611], 1766303188.182278]
      ],
      "recognized_license_plate": null
    },
    "after": {
      "id": "1766302617.551745-ze0i2x",
      "camera": "salone",
      "frame_time": 1766303304.024351,
      "snapshot": {
        "frame_time": 1766302639.60651,
        "box": [912, 322, 1076, 603],
        "area": 46084,
        "region": [761, 270, 1145, 654],
        "score": 0.76611328125,
        "attributes": [
          {
            "label": "face",
            "score": 0.521484375,
            "box": [1004, 355, 1039, 396]
          }
        ],
        "current_estimated_speed": 0,
        "velocity_angle": 0,